id,title,release_year,unknown_1,country,unknown_2,genres,actors,director,composers,screenwriters,cinematographers,production_companies,
1,Once Upon a Time in the West,1968,165,Italy,18962,Western,Claudia Cardinale|Charles Bronson|Henry Fonda|Gabriele Ferzetti|Frank Wolff|Al Mulock|Jason Robards|Woody Strode|Jack Elam|Lionel Stander|Paolo Stoppa|Keenan Wynn|Aldo Sambrell,Sergio Leone,Ennio Morricone,Sergio Leone|Sergio Donati|Dario Argento|Bernardo Bertolucci,Tonino Delli Colli,Paramount Pictures,
2,"10,000 B.C.",2008,109,United States,25607,Adventure,Steven Strait|Camilla Belle|Cliff Curtis|Omar Sharif|Tim Barlow|Marco Khan|Reece Ritchie|Mo Zinal,Roland Emmerich,Harald Kloser|Thomas Wanker,Roland Emmerich|Harald Kloser|John Orloff|Matthew Sand|Robert Rodat,Ueli Steiger,Warner Bros. Pictures|Legendary Pictures|Centropolis,
3,It's Always Fair Weather,1955,102,United States,606,Musical|Comedy,Gene Kelly|Cyd Charisse|Dan Dailey|Dolores Gray|Michael Kidd|David Burns|Jay C. Flippen|Hal March|Steve Mitchell,Stanley Donen|Gene Kelly,Andre Previn,Adolph Green|Betty Comden,Robert Bronner,Metro-Goldwyn-Mayer,
4,Tarzan,1999,84,United States,28578,Animation|Adventure|Drama,Animation,Kevin Lima|Chris Buck,Mark Mancina,Tab Murphy,Animation,Walt Disney Pictures|Edgar Rice Burroughs Inc.,
5,Only You,1994,99,United States,11151,Comedy|Romance,Marisa Tomei|Robert Downey Jr.|Bonnie Hunt|Joaquim de Almeida|Fisher Stevens|Billy Zane|Adam LeFevre|John Benjamin Hickey|Siobhan Fallon,Norman Jewison,Rachel Portman,Diane Drake,Sven Nykvist,TriStar Pictures|Fried|Woods Films|Yorktown Productions,
6,One Day,2011,108,United States,11414,Romance|Drama,Anne Hathaway|Jim Sturgess|Patricia Clarkson|Romola Garai|Rafe Spall|Ken Stott|Jodie Whittaker|Tom Mison,Lone Scherfig,Rachel Portman,David Nicholls,Benoît Delhomme,Focus Features|Color Force|Random House Films,
7,Torrente 3,2005,97,Spain,43476,Comedy,Santiago Segura|Tony Leblanc|José Mota|Javier Gutiérrez|Carlos Latre|Yvonne Sció|Enrique Villen|Fabio Testi|Carlos Iglesias|Luis Larrodera|Silvia Gambino|Ruth Zanón|Xavier Deltell|Jimmy Barnatan|Alfonso Aragón|Florentino Fernández|Lucía Lapiedra|El Fary|Eduardo Gómez|Eduardo García|Fernando Torres|Iker Casillas|Guti|Iván Helguera|John Landis|Oliver Stone|Dani Martín|Pablo Pinedo|Cañita Brava|Damián Ramos|Barragán|Jaime Ordóñez|Marisa Medina|Jose Manuel Moya|Marcos Mundstock|Helga Liné|Carlos Pumares|Santiago Urrialde|Andreu Buenafuente,Santiago Segura,Roque Baños,Santiago Segura,Unax Mendía,Amiguetes Entertainment,
8,The Lake House,2006,105,United States,16779,Romance|Drama,Keanu Reeves|Sandra Bullock|Dylan Walsh|Christopher Plummer|Shohreh Aghdashloo|Lynn Collins,Alejandro Agresti,Rachel Portman,David Auburn,Alar Kivilo,Warner Bros. Pictures|Village Roadshow Pictures|Vertigo Entertainment,
10,Blood Diamond,2006,138,United States,65532,Adventure|Thriller,Leonardo DiCaprio|Jennifer Connelly|Djimon Hounsou|Arnold Vosloo|David Harewood|Caruso Kuypers|Michael Sheen|Basil Wallace|Ntare Mwine|Stephen Collins|Chris Petoyan|Jimi Mistry,Edward Zwick,James Newton Howard,Charles Leavitt,Eduardo Serra,Warner Bros. Pictures,
11,The Ugly Truth,2009,97,United States,16354,Romance|Comedy,Gerard Butler|Katherine Heigl|Cheryl Hines|Bonnie Somerville|Bree Turner|Vicki Lewis|Eric Winter|Holly Weber|Nick Searcy|Jesse D. Goins|John Michael Higgins,Robert Luketic,Aaron Zigman,Nicole Eastman|Karen McCullah Lutz|Kirsten Smith,Russell Carpenter,Sony Pictures|Lakeshore Entertainment,
12,Warlock,1959,121,United States,3338,Western,Richard Widmark|Henry Fonda|Anthony Quinn|Dorothy Malone|Dolores Michaels|Wallace Ford|Tom Drake|Richard Arlen|DeForest Kelley|Regis Toomey|Vaughn Taylor,Edward Dmytryk,Leigh Harline,Robert Alan Aurthur,Joseph MacDonald,20th Century Fox,
13,The Pianist,2002,148,United Kingdom,133378,Drama,Adrien Brody|Thomas Kretschmann|Maureen Lipman|Ed Stoppard|Emilia Fox|Frank Finlay|Julia Rayner|Jessica Kate Meyer,Roman Polanski,Wojciech Kilar,Ronald Harwood,Pawel Edelman,Co-production UK-France-Poland-Germany; R.P. Productions|Heritage Films|Studio Babelsberg|Runteam Ltd.,
14,The Great Train Robbery (S),1903,10,United States,5023,Western,Bronco Billy Anderson|A.C. Abadie|Justus D. Barnes|Donald Gallaher,Edwin S. Porter,Silent Movie,Edwin S. Porter,Edwin S. Porter,Edison Manufacturing Company,
15,Lady in the Water,2006,110,United States,35370,Fantasy|Horror,Paul Giamatti|Bryce Dallas Howard|Cindy Cheung|Sarita Choudhury|Jeffrey Wright|M. Night Shyamalan|Bob Balaban|Freddy Rodriguez|Mary Beth Hurt|Bill Irwin|Jared Harris|Joseph D. Reitman|Noah Gray-Cabey,M. Night Shyamalan,James Newton Howard,M. Night Shyamalan,Christopher Doyle,Warner Bros. Pictures|Legendary Pictures|Blinding Edge Pictures,
16,Alice in Wonderland,1951,75,United States,25848,Animation|Fantasy|Musical|Adventure|Kids,Animation,Clyde Geronimi|Hamilton Luske|Wilfred Jackson,Oliver Wallace,Winston Hibler|Ted Sears|Bill Peet|Erdman Penner|Joe Rinaldi|Milt Banta|William Cottrell|Dick Kelsey|Joe Grant|Dick Huemer|Del Connell|Tom Oreb|John Walbridge,Animation,Walt Disney Productions|RKO Radio Pictures,
17,It Happened One Night,1934,105,United States,13437,Romance|Comedy,Clark Gable|Claudette Colbert|Walter Connolly|Roscoe Karns|Jameson Thomas|Ward Bond|Eddy Chandler|Arthur Hoyt|Alan Hale,Frank Capra,Louis Silvers,Robert Riskin,Joseph Walker,Columbia Pictures,
18,Mystic River,2003,137,United States,117943,Mystery|Drama,Sean Penn|Tim Robbins|Kevin Bacon|Laurence Fishburne|Marcia Gay Harden|Laura Linney|Eli Wallach|Tom Guiry|Spencer Treat Clark|Emmy Rossum|Kevin Chapman|Adam Nelson|Cameron Bowen|Connor Paolo|John Doman,Clint Eastwood,Clint Eastwood,Brian Helgeland,Tom Stern,Warner Bros. Pictures,
19,Before Sunrise,1995,101,United States,34269,Romance|Drama,Ethan Hawke|Julie Delpy|Andrea Eckert|Hanno Pöschl|Erni Mangold|Haymon Maria Buttinger,Richard Linklater,Fred Frith,Richard Linklater|Kim Krizan,Lee Daniel,Co-production USA-Austria; Castle Rock Entertainment|Detour Filmproduction|Filmhaus Wien Universa Filmproduktions|Columbia Pictures Corporation,
20,The Hanging Tree,1959,106,United States,3180,Western,Gary Cooper|Karl Malden|Maria Schell|George C. Scott|Ben Piazza|Karl Swenson|Virginia Gregg,Delmer Daves,Max Steiner,Wendell Mayes|Halsted Welles,Ted McCord,Warner Bros.,
21,The Cider House Rules,1999,125,United States,41952,Drama|Romance,Tobey Maguire|Charlize Theron|Michael Caine|Delroy Lindo|Paul Rudd|Jane Alexander|Kathy Baker|Kieran Culkin|Heavy D|Kate Nelligan|Erykah Badu|Paz de la Huerta,Lasse Hallström,Rachel Portman,John Irving,Oliver Stapleton,Miramax International|Alliance Atlantis,
22,Pride and Prejudice,2005,127,United Kingdom,41359,Romance|Drama,Keira Knightley|Matthew Macfadyen|Brenda Blethyn|Donald Sutherland|Judi Dench|Rosamund Pike|Jena Malone|Tom Hollander|Penelope Wilton|Simon Woods|Rupert Friend|Carey Mulligan|Kelly Reilly|Talulah Riley,Joe Wright,Dario Marianelli,Deborah Moggach,Roman Osin,Universal Pictures|Studiocanal|Working Title Films,
23,Two Lovers,2008,100,United States,11936,Romance|Drama,Joaquin Phoenix|Gwyneth Paltrow|Vinessa Shaw|Isabella Rossellini|Elias Koteas|Moni Moshonov|Bob Ari|John Ortiz|Julie Budd,James Gray,Miscellaneous,James Gray|Ric Menello,Joaquín Baca-Asay,Magnolia Pictures|2929 Productions,
24,Four Weddings and a Funeral,1994,118,United Kingdom,72135,Comedy|Romance,Hugh Grant|Andie Macdowell|Kristin Scott Thomas|Simon Callow|James Fleet|John Hannah|Charlotte Coleman|David Bower|Corin Redgrave|Rowan Atkinson|Hannah Taylor Gordon,Mike Newell,Richard Rodney Bennett,Richard Curtis,Michael Coulter,Polygram Film Entertainment|Channel Four Films|Working Title,
25,The Goonies,1985,111,United States,62847,Adventure,Sean Astin|Corey Feldman|Josh Brolin|Martha Plimpton|Joe Pantoliano|Kerri Green|Jeff Cohen|Jonathan Ke Quan|Anne Ramsey|John Matuszak|Robert Davi|Lupe Ontiveros|Steve Antin|Mary Ellen Trainor,Richard Donner,Dave Grusin,Chris Columbus,Nick McLean,Amblin Entertainment|Warner Bros. Pictures,
26,The English Patient,1996,162,United Kingdom,62597,Romance|Drama|Adventure,Ralph Fiennes|Kristin Scott Thomas|Juliette Binoche|Willem Dafoe|Naveen Andrews|Colin Firth|Julian Wadham|Kevin Whately|Clive Merrison|Nino Castelnuovo|Hichem Rostom|Peter Ruhring|Geordie Johnson|Torri Higginson|Jürgen Prochnow,Anthony Minghella,Gabriel Yared,Anthony Minghella,John Seale,Miramax International|Saul Zaentz production,
27,Spanish Movie,2009,89,Spain,18812,Comedy,Alexandra Jiménez|Sílvia Abril|Carlos Areces|Laia Alda|Óscar Lara|Eduardo Gómez|Joselito|Michelle Jenner|Joaquín Reyes|Juana Cordero|Luis Zahera|Leticia Dolera|David Fernández|Jordi Vilches|Julián López|Ernesto Sevilla|Raúl Cimas|Fernando Gil|Leslie Nielsen|Álex de la Iglesia|Belén Rueda|Berto Romero|Andreu Buenafuente|Chiquito de la Calzada,Javier Ruiz Caldera,Fernando Velázquez,Paco Cabezas,Óscar Faura,Telecinco Cinema|Think Studio,
28,The Little Mermaid,1989,79,United States,85550,Animation|Fantasy|Musical|Kids,Animation,John Musker|Ron Clements,Alan Menken,John Musker|Ron Clements,Animation,Walt Disney Pictures,
29,The Way We Were,1973,118,United States,4994,Drama|Romance,Robert Redford|Barbra Streisand|Bradford Dillman|Viveca Lindfors|Herb Edelman|Murray Hamilton|Patrick O'Neal|Lois Chiles|James Woods,Sydney Pollack,Marvin Hamlisch,Arthur Laurents,Harry Stradling Jr.,Columbia Pictures|Rastar Productions,
30,Rio Grande,1950,105,United States,3584,Western,John Wayne|Maureen O'Hara|Ben Johnson|Claude Jarman Jr.|Harry Carey Jr.|Chill Wills|J. Carrol Naish|Victor McLaglen|Ken Curtis|Patrick Wayne,John Ford,Victor Young,James K. McGuinness,Bert Glennon,Argosy Pictures,
31,Equilibrium,2002,107,United States,19052,Sci-Fi|Thriller|Action,Christian Bale|Taye Diggs|Emily Watson|Angus MacFadyen|William Fichtner|Sean Bean|Sean Pertwee|Dominic Purcell|Matthew Harbour|John Keogh|David Hemmings|Kurt Wimmer,Kurt Wimmer,Klaus Badelt,Kurt Wimmer,Dion Beebe,Dimension Films,
32,Reservoir Dogs,1992,99,United States,115736,Thriller|Action,Tim Roth|Harvey Keitel|Chris Penn|Steve Buscemi|Michael Madsen|Lawrence Tierney|Randy Brooks|Kirk Baltz|Edward Bunker|Quentin Tarantino|Burr Steers,Quentin Tarantino,Miscellaneous,Quentin Tarantino,Andrzej Sekula,Live Entertainment|Dog Eat Dog Productions,
33,The Ox-Bow Incident,1943,72,United States,2683,Western|Drama,Henry Fonda|Dana Andrews|Mary Beth Hughes|Anthony Quinn|William Eythe|Henry Morgan|Jane Darwell|Frank Conroy,William A. Wellman,Cyril Mockridge,Lamar Trotti,Arthur Miller,Twentieth Century-Fox Film Corporation,
34,Star Trek,2009,126,United States,38423,Sci-Fi|Adventure|Fantasy|Action,Chris Pine|Zachary Quinto|Zoe Saldana|Eric Bana|Simon Pegg|Karl Urban|Bruce Greenwood|Anton Yelchin|John Cho|Leonard Nimoy|Winona Ryder|Ben Cross|Chris Hemsworth|Jennifer Morrison|Rachel Nichols|Jimmy Bennett|Faran Tahir|Clifton Collins Jr.|Tyler Perry|James Doohan|James Cawley|Wil Wheaton,J.J. Abrams,Michael Giacchino,Alex Kurtzman|Roberto Orci,Daniel Mindel,Bad Robot|Spyglass Entertainment|Paramount Pictures,
35,2046,2004,120,Hong Kong,21766,Romance|Drama|Sci-Fi,Tony Leung Chiu Wai|Zhang Ziyi|Faye Wong|Gong Li|Kimura Takuya|Lau Ka Ling|Chang Chen|Maggie Cheung|Ah Ping,Wong Kar-Wai,Peer Raben|Shigeru Umebayashi,Wong Kar-Wai,Christopher Doyle|Lai Yiu Fai|Kwan Pun Leung,Block 2 Pictures|Paradis Films|Orly Films,
36,Point Break,1991,125,United States,46937,Action,Keanu Reeves|Patrick Swayze|Gary Busey|Lori Petty|James LeGros|John Philbin|John C. McGinley|Lee Tergesen|Tom Sizemore|Mike Genovese,Kathryn Bigelow,Mark Isham,Peter Iliff,Donald Peterman,20th Century Fox,
37,Dark City,1998,100,United States,23634,Sci-Fi|Fantasy|Film-Noir,Rufus Sewell|Kiefer Sutherland|William Hurt|Jennifer Connelly|Richard O'Brien|Ian Richardson|Colin Friels|Melissa George,Alex Proyas,Trevor Jones,Alex Proyas|Lem Dobbs|David S. Goyer,Dariusz Wolski,New Line Cinema,
38,Akira,1988,124,Japan,47007,Animation|Sci-Fi|Action|Thriller,Animation,Katsuhiro Ôtomo,Shoji Yamashiro,Katsuhiro Ôtomo|Izo Hashimoto,Animation,Akira Committlee,
39,Twilight,2008,122,United States,61957,Fantasy|Romance|Thriller,Kristen Stewart|Robert Pattinson|Billy Burke|Peter Facinelli|Elizabeth Reaser|Nikki Reed|Ashley Greene|Jackson Rathbone|Kellan Lutz|Cam Gigandet|Edi Gathegi|Rachelle Lefevre|Anna Kendrick|Taylor Lautner,Catherine Hardwicke,Carter Burwell,Melissa Rosenberg,Elliot Davis,Summit Entertainment,
40,Spice World. The Movie,1997,93,United Kingdom,6108,Comedy,Spice Girls|Richard E. Grant|Roger Moore|Elton John|Claire Rushbrook|Alan Cumming|George Wendt|Mark McKinney|Jason Flemyng|Bob Hoskins|Hugh Laurie|Bob Geldof|Elvis Costello,Bob Spiers,Spice Girls|Paul Hardcastle,Kim Fuller,Clive Tickner,Polygram Filmed Entertainment|Icon Entertainment International,
41,The Blues Brothers,1980,132,United States,30775,Comedy|Musical,"Dan Aykroyd|John Belushi|Henry Gibson|Carrie Fisher|James Brown|Kathleen Freeman|John Candy|Aretha Franklin|Ray Charles|Charles Napier|Cab Calloway|Steve Cropper|Donald ""Duck"" Dunn|Murphy Dunne|Willie Hall|Tom Malone|Lou Marini|Matt Murphy|Alan Rubin|John Lee Hooker|Steve Lawrence|Twiggy|Frank Oz|Jeff Morris|Steven Williams|Armand Cerami",John Landis,Elmer Bernstein|Miscellaneous,John Landis|Dan Aykroyd,Stephen M. Katz,Universal Pictures,
42,Amelie,2001,120,France,143012,Comedy|Drama,Audrey Tautou|Mathieu Kassovitz|Rufus|Lorella Cravotta|Serge Merlin|Jamel Debbouze|Claire Maurier|Clotilde Mollet|Isabelle Nanty|Dominique Pinon|Artus de Penguern|Yolande Moreau|Urbain Cancelier|Maurice Benichou,Jean-Pierre Jeunet,Yann Tiersen,Guillaume Laurant|Jean-Pierre Jeunet,Bruno Delbonnel,Claudie Ossard|UGC,
43,Jurassic Park,1993,121,United States,129744,Sci-Fi|Adventure,Sam Neill|Laura Dern|Jeff Goldblum|Richard Attenborough|Ariana Richards|Joseph Mazzello|Wayne Knight|Samuel L. Jackson|Bob Peck|Martin Ferrero|BD Wong|Miguel Sandoval|Gerald R. Molen,Steven Spielberg,John Williams,Michael Crichton|David Koepp,Dean Cundey,Universal Pictures|Amblin Entertainment,
44,310 to Yuma (Three Ten to Yuma),1957,92,United States,2282,Western,Glenn Ford|Van Heflin|Felicia Farr|Leora Dana|Henry Jones|Richard Jaeckel|Robert Emhardt,Delmer Daves,George Duning,Halsted Welles,Charles Lawton Jr.,Columbia Pictures,
45,Love Actually,2003,128,United Kingdom,61335,Romance|Comedy,Hugh Grant|Liam Neeson|Colin Firth|Laura Linney|Emma Thompson|Alan Rickman|Keira Knightley|Bill Nighy|Chiwetel Ejiofor|Andrew Lincoln|Thomas Brodie-Sangster|Rodrigo Santoro|Rowan Atkinson|Billy Bob Thornton|Martine McCutcheon|Heike Makatsh|Lucia Moniz|Martin Freeman|Gregor Fisher|Joanna Page|Sienna Guillory|Elisha Cuthbert|Kris Marshall|Claudia Schiffer|Shannon Elizabeth|Denise Richards|January Jones|Ivana Milicevic|Olivia Olson,Richard Curtis,Craig Armstrong,Richard Curtis,Michael Coulter,Co-production UK-USA; Universal Pictures|Working Title Films|DNA Films,
46,The Great Dictator,1940,128,United States,75927,Comedy,Charles Chaplin|Paulette Goddard|Jack Oakie|Reginald Gardiner|Henry Daniell|Carter De Haven|Grace Hayle|Maurice Moscovitch|Billy Gilbert,Charles Chaplin,Charles Chaplin|Meredith Willson,Charles Chaplin,Rollie Totheroh|Karl Struss,United Artists,
47,The Proposition,2005,104,Australia,3251,Western|Action,Guy Pearce|Ray Winstone|Danny Huston|David Wenham|John Hurt|Emily Watson|Richard Wilson,John Hillcoat,Nick Cave|Warren Ellis,Nick Cave,Benoît Delhomme,Co-production Australia-UK,
48,Collateral,2004,120,United States,57630,Thriller|Action,Tom Cruise|Jamie Foxx|Jada Pinkett Smith|Mark Ruffalo|Peter Berg|Javier Bardem|Barry Shabaka Henley|Bruce McGill|Irma P. Hall|Richard T. Jones|Debi Mazar|Jason Statham,Michael Mann,James Newton Howard,Stuart Beattie,Dion Beebe|Paul Cameron,DreamWorks Pictures|Paramount Pictures,
49,Batman & Robin,1997,125,United States,39757,Fantasy|Action,George Clooney|Arnold Schwarzenegger|Uma Thurman|Chris O'Donnell|Alicia Silverstone|Michael Gough|Pat Hingle|Elle MacPherson|Vivica A. Fox|John Glover|Joe Sabatino|Coolio|Nicky Katt|Doug Hutchison|Kimberly Scott|Michael Paul Chan|Jeep Swenson|Harry Van Gorkum,Joel Schumacher,Elliot Goldenthal,Akiva Goldsman,Stephen Goldblatt,Warner Bros. Pictures,
50,The Front Page,1974,105,United States,20088,Comedy,Jack Lemmon|Walter Matthau|Susan Sarandon|Vincent Gardenia|David Wayne|Allen Garfield|Austin Pendleton|Charles Durning|Herb Edelman|Martin Gabel|Harold Gould|Cliff Osmond|Dick O'Neill|Jon Korkes|Lou Frizzell|Paul Benedict|Doro Merande|Noam Pitlik|Joshua Shelley|Allen Jenkins|John Furlong|Biff Elliot|Barbara Davis|Leonard Bremen|Carol Burnett,Billy Wilder,Billy May,Billy Wilder|I.A.L. Diamond,Jordan Cronenweth,Universal Pictures,
51,Waterworld,1995,135,United States,77138,Sci-Fi|Adventure|Action,Kevin Costner|Jeanne Tripplehorn|Dennis Hopper|Tina Majorino|Michael Jeter|Gerard Murphy|R.D. Call|Kim Coates|Chaim Girafi|Zitto Kazann,Kevin Reynolds,James Newton Howard,David Twohy|Peter Rader,Dean Semler,Universal Pictures|Lawrence Gordon,
52,Pulp Fiction,1994,153,United States,179041,Thriller|Action,John Travolta|Samuel L. Jackson|Uma Thurman|Harvey Keitel|Tim Roth|Amanda Plummer|Maria de Medeiros|Ving Rhames|Eric Stoltz|Rosanna Arquette|Christopher Walken|Bruce Willis|Paul Calderon|Bronagh Gallagher|Peter Greene|Stephen Hibbert|Angela Jones|Phil LaMarr|Robert Ruth|Julia Sweeney|Quentin Tarantino|Frank Whaley|Duane Whitaker|Steve Buscemi|Burr Steers,Quentin Tarantino,Miscellaneous,Quentin Tarantino|Roger Avary,Andrzej Sekula,Miramax Films|Band Apart|Jersey Films,
53,The Shawshank Redemption,1994,142,United States,147234,Drama,Tim Robbins|Morgan Freeman|Bob Gunton|James Whitmore|Gil Bellows|William Sadler|Mark Rolston|Clancy Brown|David Proval|Jeffrey DeMunn|Jude Ciccolella|Don McManus|Alfonso Freeman|Brian Libby|Mack Miles|Frank Medrano,Frank Darabont,Thomas Newman,Frank Darabont,Roger Deakins,Columbia Pictures|Castle Rock Entertainment,
54,Wild Wild West,1999,108,United States,29362,Western|Sci-Fi|Comedy,Will Smith|Kevin Kline|Kenneth Branagh|Salma Hayek|Ted Levine|M. Emmet Walsh|Musetta Vander|Bai Ling|Frederique Van Der Wal|Garcelle Beauvais|Musetta Vander|Rodney A. Grant|Buck Taylor|Debra Christofferson,Barry Sonnenfeld,Elmer Bernstein,Brent Maddock|S.S. Wilson|Jeffrey Price|Peter S. Seaman,Michael Ballhaus,Warner Bros,
55,Batman Forever,1995,120,United States,37861,Sci-Fi|Fantasy|Action,Val Kilmer|Nicole Kidman|Chris O'Donnell|Tommy Lee Jones|Jim Carrey|Debi Mazar|Michael Gough|Pat Hingle|Don 'The Dragon' Wilson|Drew Barrymore|Jon Favreau|Kimberly Scott|Michael Paul Chan,Joel Schumacher,Elliot Goldenthal,Lee Batchler|Janet Scott Batchler|Akiva Goldsman,Stephen Goldblatt,Warner Bros. Pictures,
56,Revolutionary Road,2008,119,United States,38289,Drama|Romance,Leonardo DiCaprio|Kate Winslet|Kathy Bates|Michael Shannon|Kathryn Hahn|David Harbour|Dylan Baker|Richard Easton|Zoe Kazan|Jay O. Sanders|Max Casella|Ty Simpkins,Sam Mendes,Thomas Newman,Justin Haythe,Roger Deakins,Co-production USA-UK; DreamWorks|Paramount Vantage|BBC Films,
57,The Fugitive,1993,133,United States,71042,Action|Mystery,Harrison Ford|Tommy Lee Jones|Jeroen Krabbé|Joe Pantoliano|Julianne Moore|Sela Ward|Andreas Katsulas|Daniel Roebuck|Tom Wood|L. Scott Caldwell|Ron Dean|David Darlow|Joseph F. Kosala|Eddie Bo Smith Jr.|Nick Searcy,Andrew Davis,James Newton Howard,David N. Twohy|Jeb Stuart,Michael Chapman,Warner Bros. Pictures,
58,Arthur and the Invisibles,2006,103,France,5574,Fantasy|Kids|Animation,Freddie Highmore|Mia Farrow|Penny Balfour|Doug Rand|Ron Crawford|Adam LeFevre,Luc Besson,Eric Serra,Luc Besson|Céline Garcia|Patrice Garcia,Thierry Arbogast|Dominique Delguste,Co-production France-USA; EuropaCorp|Avalanche Productions|Apipoulaï|The Weinstein Company,
59,Casablanca,1942,102,United States,86092,Drama|Romance,Humphrey Bogart|Ingrid Bergman|Paul Henreid|Claude Rains|Conrad Veidt|Sydney Greenstreet|Peter Lorre|S.Z. Sakall|Madeleine LeBeau|Dooley Wilson|Joy Page|John Qualen|Leonid Kinskey|Curt Bois|Ed Agresti|Marcel Dalio|Enrique Acosta|Louis V. Arco|Frank Arnold|Leon Belasco|Oliver Blake,Michael Curtiz,Max Steiner,Julius J. Epstein|Philip G. Epstein|Howard Koch,Arthur Edeson,Warner Bros. Pictures; Producer: Hal B. Wallis,
60,French Kiss,1995,111,United States,23047,Comedy|Romance,Meg Ryan|Kevin Kline|Jean Reno|Timothy Hutton|François Cluzet|Susan Anbeh|Renee Humphrey,Lawrence Kasdan,James Newton Howard,Adam Brooks,Owen Roizman,20th Century Fox,
61,Green Card,1990,108,United States,7936,Comedy|Romance,Gérard Depardieu|Andie MacDowell|Bebe Neuwirth|Gregg Edelman|Robert Prosky|Mary Louise Wilson|Ethan Phillips|Lois Smith,Peter Weir,Hans Zimmer,Peter Weir,Geoffrey Simpson,Touchstone Pictures,
62,The Magnificent Seven,1960,126,United States,22127,Western,Yul Brynner|Steve McQueen|Charles Bronson|Eli Wallach|James Coburn|Horst Buchholz|Robert Vaughn|Brad Dexter|Whit Bissell|Vladimir Sokoloff,John Sturges,Elmer Bernstein,William S. Roberts,Charles Lang Jr.,The Mirisch Corporation|Metro-Goldwyn-Mayer,
63,Seven Samurai,1954,205,Japan,34539,Action|Drama|Adventure,Toshirô Mifune|Takashi Shimura|Yoshio Inaba|Seiji Miyaguchi|Minoru Chiaki|Daisuke Katô|Ko Kimura|Kamatari Fujiwara|Keiko Tsushima|Yoshio Tsuchiya|Kokuten Kôdô,Akira Kurosawa,Fumio Hayasaka,Akira Kurosawa|Shinobu Hashimoto|Hideo Oguni,Asakazu Nakai,Toho,
64,Chocolat,2000,121,United Kingdom,56332,Comedy|Romance,Juliette Binoche|Johnny Depp|Judi Dench|Alfred Molina|Lena Olin|Peter Stormare|Carrie-Anne Moss|Leslie Caron,Lasse Hallström,Rachel Portman,Robert Nelson Jacobs,Roger Pratt,Miramax International presents a David Brown production,
65,2001 A Space Odyssey,1968,139,United Kingdom,101367,Sci-Fi,Keir Dullea|Gary Lockwood|William Sylvester|Daniel Richter|Leonard Rossiter|Margaret Tyzack|Robert Beatty|Sean Sullivan|Frank Miller|Penny Brahms|Alan Gilfford|Vivian Kubrick,Stanley Kubrick,Richard Strauss|Johann Strauss,Stanley Kubrick|Arthur C. Clarke,Geoffrey Unsworth,Co-production UK-USA; Metro-Goldwyn-Mayer (MGM)|Stanley Kubrick Productions,
66,Seven Pounds,2008,118,United States,53920,Drama|Romance,Will Smith|Rosario Dawson|Woody Harrelson|Barry Pepper|Elpidia Carrillo|Connor Cruise|Michael Ealy|Robinne Lee|Joe Nunez,Gabriele Muccino,Angelo Milli,Grant Nieporte,Philippe Le Sourd,Columbia Pictures|Relativity Media|Overbrook Entertainment|Escape Artists,
67,The Hobbit An Unexpected Journey,2012,170,United States,71788,Fantasy|Adventure|Action,Martin Freeman|Ian McKellen|Richard Armitage|Ken Stott|Aidan Turner|James Nesbitt|Graham McTavish|Dean O'Gorman|Peter Hambleton|Jed Brophy|Stephen Hunter|John Callen|Adam Brown|William Kircher|Mark Hadlow|Sylvester McCoy|Andy Serkis|Hugo Weaving|Cate Blanchett|Christopher Lee|Ian Holm|Barry Humphries|Manu Bennett|Elijah Wood|Bret McKenzie,Peter Jackson,Howard Shore,Fran Walsh|Philippa Boyens|Peter Jackson|Guillermo del Toro,Andrew Lesnie,Co-production USA-New Zealand; Warner Bros. Pictures|MGM|New Line Cinema|WingNut Films,
68,Sleepers,1996,140,United States,37922,Drama,Kevin Bacon|Robert De Niro|Dustin Hoffman|Jason Patric|Brad Pitt|Minnie Driver|Vittorio Gassman|Ron Eldard|Brad Renfro|Billy Crudup|Jonathan Tucker|Joseph Perrino|Geoff Widgo|John Slattery|Terry Kinney|Bruno Kirby|Frank Medrano,Barry Levinson,John Williams,Barry Levinson,Michael Ballhaus,Polygram Filmed Entertainment presents a Propaganda Films|Baltimore Pictures production,
69,A Walk to Remember,2002,100,United States,22744,Romance|Drama,Shane West|Mandy Moore|Peter Coyote|Daryl Hannah|Al Thompson|Lauren German|Clayne Crawford,Adam Shankman,Mervyn Warren,Karen Janszen,Julio Macat,Warner Bros. Pictures,
70,The Happening,2008,90,United States,38370,Sci-Fi|Mystery|Horror,Mark Wahlberg|Zooey Deschanel|John Leguizamo|Ashlyn Sanchez|Betty Buckley|Alan Ruck|Spencer Breslin|Frank Collison|Robert Bailey Jr.|Jeremy Strong|Julia Yorks,M. Night Shyamalan,James Newton Howard,M. Night Shyamalan,Tak Fujimoto,20th Century-Fox|UTV Motion Pictures|Spyglass Entertainment|Blinding Edge Pictures,
71,A.I. Artificial Intelligence,2001,145,United States,54288,Sci-Fi|Fantasy|Drama,Haley Joel Osment|Jude Law|Frances O'Connor|Sam Robards|William Hurt|Brendan Gleeson|Jake Thomas|Ken Leung|Clark Gregg|Enrico Colantoni|Ashley Scott|Paula Malcomson,Steven Spielberg,John Williams,Steven Spielberg|Ian Watson,Janusz Kaminski,Warner Bros. Pictures|Dreamworks Pictures|Amblin Entertainment|Stanley Kubrick Production,
72,Ultraviolet,2006,88,United States,7781,Sci-Fi|Fantasy|Action,Milla Jovovich|Cameron Bright|Nick Chinlund|William Fichtner|Sebastien Andrieu|Ida Martin|Ricardo Mamood,Kurt Wimmer,Klaus Badelt,Kurt Wimmer,Arthur Wong|Jimmy Wong,Sony Pictures,
73,Mulholland Drive,2001,147,United States,62457,Mystery|Drama|Thriller|Romance,Naomi Watts|Laura Elena Harring|Justin Theroux|Ann Miller|Robert Forster|Brent Briscoe|Jeannie Bates|Melissa George|Dan Hedaya|Lori Heuring|Billy Ray Cyrus|Rena Riffel|Katharine Towne,David Lynch,Angelo Badalamenti,David Lynch,Peter Deming,Co-production USA-France; Les Films Alain Sarde|Asymetrical Production,
74,Sunshine,2007,107,United Kingdom,18425,Sci-Fi|Thriller|Adventure|Mystery,Cillian Murphy|Chris Evans|Michelle Yeoh|Rose Byrne|Troy Garity|Cliff Curtis|Hiroyuki Sanada|Benedict Wong|Mark Strong,Danny Boyle,John Murphy,Alex Garland,Alwin Kuchler,Fox Searchlight Pictures|DNA Films|UK Film Council,
75,The Italian Job,2003,104,United States,41194,Action,Mark Wahlberg|Edward Norton|Charlize Theron|Seth Green|Jason Statham|Donald Sutherland|Mos Def|Franky G.|Boris Lee Krutonog|Olek Krupa,F. Gary Gray,John Powell,Wayne Powers|Donna Powers,Wally Pfister,Paramount Pictures,
76,300,2006,117,United States,129822,Adventure|Action|War|Fantasy,Gerard Butler|Lena Headey|David Wenham|Dominic West|Vincent Regan|Rodrigo Santoro|Michael Fassbender|Andrew Tieman|Andrew Pleavin|Tom Wisdom|Tim Conolly|Tyler Max Neitzel|Mercedes Leggett|Peter Mensah|Eli Snyder,Zack Snyder,Tyler Bates,Zack Snyder|Kurt Johnstad|Michael Gordon,Larry Fong,Warner Bros. Pictures|Legendary Pictures|Virtual Studio,
77,The Mask of Zorro,1998,132,United States,32818,Adventure|Romance,Antonio Banderas|Anthony Hopkins|Catherine Zeta-Jones|Stuart Wilson|Matt Letscher|Pedro Armendáriz Jr.|L.Q. Jones|Victor Rivers|Tony Amendola|William Marquez|José Pérez|Luisa Huertas|Julieta Rosen|José María de Tavira|Maury Chaykin,Martin Campbell,James Horner,John Eskow|Ted Elliott|Terry Rossio,Phil Meheux,Columbia Pictures|Amblin Entertainment|TriStar Pictures,
78,The World in His Arms,1952,104,United States,3694,Adventure,Gregory Peck|Anthony Quinn|Ann Blyth|John McIntire|Andrea King|Carl Esmond|Eugenie Leontovich,Raoul Walsh,Frank Skinner,Borden Chase,Russell Metty,Universal Pictures,
79,Scarface,1983,163,United States,75515,Drama,Al Pacino|Steven Bauer|Michelle Pfeiffer|Mary Elizabeth Mastrantonio|Robert Loggia|Miriam Colon|F. Murray Abraham|Paul Shenar|Harris Yulin|Dennis Holahan|Mark Margolis,Brian De Palma,Giorgio Moroder,Oliver Stone,John A. Alonzo,Universal Pictures,
80,Alexander,2004,173,United States,45065,Adventure,Colin Farrell|Angelina Jolie|Anthony Hopkins|Val Kilmer|Jared Leto|Rosario Dawson|Jonathan Rhys-Meyers|Brian Blessed|Ian Beattie|Rory McCann|Elliot Cowan|Connor Paolo|Joseph Morgan|Gary Stretch|John Kavanagh|Raz Degan|Annelise Hesme|Nick Dunning|Toby Kebbell|Neil Jackson|Denis Conway|Féodor Atkine|Tim Pigott-Smith|Bin Bunluerit|Francisco Bosch,Oliver Stone,Vangelis,Oliver Stone|Christopher Kyle|Laeta Kalogridis,Rodrigo Prieto,Warner Bros. Pictures|Intermedia Films,
81,Tuno negro,2001,110,Spain,10952,Horror|Thriller|Mystery,Silke|Jorge Sanz|Fele Martínez|Maribel Verdú|Eusebio Poncela|Patxi Freytez|Enrique Villén|Rebecca Cobos|Sergio Pazos|Montse Mostaza|Marián Aguilera|Carla Hidalgo|Javier Veiga|Paca Gabaldón|Alexis Valdés,Pedro Barbero|Vicente J. Martín,Alex Martínez,Pedro Barbero|Vicente J. Martín,Carlos Suárez,Iberoamericana Films|Lolafilms,
82,Vera Cruz,1954,94,United States,5498,Western,Burt Lancaster|Gary Cooper|Denise Darcel|Sara Montiel|César Romero|George Macready|Ernest Borgnine|Jack Elam|Charles Bronson|Jack Lambert,Robert Aldrich,Hugo Friedhofer,Roland Kibbee|James R. Webb,Ernest Laszlo,MGM|UA,
83,Two Weeks' Notice,2002,100,United States,10594,Romance|Comedy,Sandra Bullock|Hugh Grant|Alicia Witt|Dana Ivy|Robert Klein|Heather Burns|David Haig|Dorian Missick,Marc Lawrence,John Powell,Marc Lawrence,Laszlo Kovacs,Warner Bros. Pictures,
84,Guys and Dolls,1955,150,United States,1462,Musical,Marlon Brando|Jean Simmons|Frank Sinatra|Vivian Blaine|Robert Keith|Stubby Kaye|Johnny Silver,Joseph L. Mankiewicz,Frank Loesser,Joseph L. Mankiewicz,Harry Stradling,MGM,
85,Rocky,1976,119,United States,78450,Drama,Sylvester Stallone|Talia Shire|Burt Young|Carl Weathers|Burgess Meredith|Thayer David|Joe Spinell,John G. Avildsen,Bill Conti,Sylvester Stallone,James Crabe,United Artists,
86,The Time Machine,1960,103,United States,7123,Sci-Fi|Adventure,Rod Taylor|Alan Young|Yvette Mimieux|Sebastian Cabot|Tom Helmore|White Bissell|Doris Lloyd,George Pal,Russell Garcia,David Duncan,Paul C. Vogel,Metro-Goldwyn-Mayer (MGM),
87,Dead Man Walking,1995,120,United States,51943,Drama,Susan Sarandon|Sean Penn|Robert Prosky|Margo Martindale|Celia Weston|Raymond J. Barry|R. Lee Ermey|Scott Wilson|Jack Black,Tim Robbins,David Robbins,Tim Robbins,Roger A. Deakins,Polygram Filmed Entertainment|Working Title|Havoc,
88,Leaving Las Vegas,1995,112,United States,51482,Drama|Romance,Nicolas Cage|Elisabeth Shue|Julian Sands|Richard Lewis|Steven Weber|Valeria Golino|Laurie Metcalf|Vincent Ward|Danny Huston|Bob Rafelson|Mark Coppola|Carey Lowell|Julian Lennon|Lou Rawls|Mariska Hargitay|R. Lee Ermey,Mike Figgis,Mike Figgis,Mike Figgis,Declan Quinn,United Artists|Lumière Pictures,
89,A Sound of Thunder,2005,103,United Kingdom,6482,Sci-Fi|Action|Adventure,Edward Burns|Ben Kingsley|Catherine McCormack|Jemima Rooper|Wilfried Hochholdinger|August Zirner|Corey Johnson|Heike Makatsch,Peter Hyams,Nick Glennie-Smith,Thomas Dean Donnelly|Joshua Oppenheimer|Gregory Poirier,Peter Hyams,Warner Bros. Pictures|Franchise Pictures,
90,The Day the Earth Stood Still,1951,89,United States,15239,Sci-Fi,Michael Rennie|Patricia Neal|Hugh Marlowe|Sam Jaffe|Billy Gray|Frances Bavier|Lock Martin,Robert Wise,Bernard Herrmann,Edmund H. North,Leo Tover,20th Century Fox,
91,Iron Man,2008,126,United States,78554,Fantasy|Action|Adventure|Sci-Fi,Robert Downey Jr.|Terrence Howard|Gwyneth Paltrow|Jeff Bridges|Stan Lee|Leslie Bibb|Clark Gregg|Shaun Toub|Faran Tahir|Samuel L. Jackson,Jon Favreau,Ramin Djawadi,Arthur Marcum|Matt Holloway|Mark Fergus|Hawk Ostby,Matthew Libatique,Paramount Pictures|Marvel Enterprises|Goldman & Associates,
92,Ronin,1998,116,United States,20615,Action|Thriller,Robert De Niro|Jean Reno|Natascha McElhone|Stellan Skarsgård|Skipp Sudduth|Jonathan Pryce|Sean Bean|Michael Lonsdale,John Frankenheimer,Elia Cmiral,David Mamet,Robert Fraisse,United Artists,
93,Despicable Me,2010,92,United States,45188,Animation|Comedy|Sci-Fi|Kids,Animation,Pierre Coffin|Chris Renaud,Heitor Pereira|Pharrell Williams,Ken Daurio|Cinco Paul,Animation,Illumination Entertainment|Universal Pictures,
94,Into the Woods,2014,121,United States,7860,Musical|Fantasy|Comedy,Meryl Streep|Emily Blunt|James Corden|Anna Kendrick|Chris Pine|Johnny Depp|Lucy Punch|Christine Baranski|Tammy Blanchard|Daniel Huttlestone|Tracey Ullman|Mackenzie Mauzy|Billy Magnussen|Lilla Crawford|Richard Glover|Simon Russell Beale|Joanna Riding|Annette Crosbie,Rob Marshall,Stephen Sondheim,James Lapine,Dion Beebe,Walt Disney Pictures|Lucamar Productions,
95,Camelot,1967,178,United States,1047,Musical|Romance,Richard Harris|Vanessa Redgrave|Franco Nero|David Hemmings|Lionel Jeffries|Laurence Naismith|Estelle Winwood,Joshua Logan,Frederick Loewe|Alfred Newman,Alan Jay Lerner,Richard H. Kline,Warner Bros,
96,Kingdom of Heaven,2005,144,United Kingdom,47903,Adventure|Romance,Orlando Bloom|Eva Green|Jeremy Irons|Liam Neeson|David Thewlis|Brendan Gleeson|Edward Norton|Michael Sheen|Marton Csokas|Ghassan Massoud|Iain Glen|Alexander Siddig|Velibor Topic|Kevin McKidd|Khaled Nabawy|Jon Finch|Robert Pugh|Ulrich Thomsen|Giannina Facio|Nathalie Cox|Bronson Webb|Nikolaj Coster-Waldau|Jouko Ahola|Alex O'Dogherty,Ridley Scott,Harry Gregson-Williams,William Monahan,John Mathieson,Co-production UK-USA-Spain-Germany; 20th Century Fox|Scott Free Production,
97,Bambi,1942,70,United States,65992,Animation|Drama|Kids,Animation,David Hand,Edward Plumb|Frank Churchill,Larry Morey,Animation,Walt Disney,
98,The Alamo,1960,161,United States,3150,Western|Adventure,John Wayne|Richard Widmark|Laurence Harvey|Ken Curtis|Frankie Avalon|Patrick Wayne|Linda Cristal|Joan O'Brien|Chill Wills|Richard Boone,John Wayne,Dimitri Tiomkin,James Edward Grant,William H. Clothier,United Artists,
99,Cast Away,2000,143,United States,72612,Adventure|Drama,Tom Hanks|Helen Hunt|Nick Searcy|Chris Noth|Lari White|Geoffrey Blake|Paul Sanchez|Jennifer Lewis|David Allen Brooks|Viveka Davis|Jennifer Choe,Robert Zemeckis,Alan Silvestri,William Broyles Jr.,Don Burgess,20th Century Fox|Dreamworks Pictures|Imagemovers|Playtone,
100,What Women Want,2000,130,United States,34338,Romance|Comedy,Mel Gibson|Helen Hunt|Marisa Tomei|Alan Alda|Lauren Holly|Mark Feuerstein|Ashley Johnson|Judy Greer|Bette Midler|Valerie Perrine|Delta Burke|Sarah Paulson|Ana Gasteyer|Lisa Edelstein|Loretta Devine|Diana-Maria Riva|Eric Balfour|T.J. Thyne,Nancy Meyers,Alan Silvestri,Josh Goldsmith|Cathy Yuspa,Dean Cundey,Paramount Pictures|Icon,
